{
  "$schema": "https://raw.githubusercontent.com/todogroup/repolinter/master/rulesets/schema.json",
  "version": 2,
  "axioms": {},
  "rules": {
    "readme-file-exists" : {
      "level": "error",
      "rule": {
        "type": "file-existence",
        "options": {
          "globsAny": ["README*"]
        }
      }
    },
    "disclaimer-present" : {
      "level": "error",
      "rule": {
        "type": "file-contents",
        "options": {
          "globsAll": ["README*"],
          "noCase": true,
          "fail-on-non-existent": true,
          "content": "ORACLE AND ITS AFFILIATES DO NOT PROVIDE ANY WARRANTY WHATSOEVER, EXPRESS OR IMPLIED, FOR ANY SOFTWARE, MATERIAL OR CONTENT OF ANY KIND"
        }
      }
    },
    "license-file-exists" : {
      "level": "error",
      "rule": {
        "type": "file-existence",
        "options": {
          "globsAny": ["LICENSE*"]
        }
      }
    },
    "copyright-notice-present" : {
      "level": "warning",
      "rule": {
        "type": "file-starts-with",
        "options": {
          "globsAll": ["**/*"],
          "skip-binary-files": true,
          "skip-paths-matching": {
            "extensions": ["yaml","yml","md","json","xml","tpl","ipynb","pickle","joblib","properties"],
            "patterns": ["\\.github"],
            "flags": ""
          },
          "lineCount": 2,
          "patterns": [
            "Copyright \\([cC]\\) [12][90]\\d\\d(\\-[12][90]\\d\\d)? Oracle and/or its affiliates\\."
          ],
          "succeed-on-non-exist": true
        }
      }
    }
  }
}
